campaign_id,plan_tier,target_industry,launch_date,emails_sent,bounces,emails_opened,emails_replied,meetings_booked,enrichment_mode,avg_ai_fit_score,knowledge_base_active,credits_spent
1,Basic,Finans,2025-12-18,1723,63,613,58,17,Deep Dive,83,True,5169
2,Enterprise,SaaS,2026-02-08,955,51,387,26,8,Standard,67,False,955
3,Pro,SaaS,2025-07-02,852,37,302,22,4,Deep Dive,79,False,2556
4,Free,Finans,2025-11-19,852,66,500,52,N/A,Deep Dive,76,False,2556
5,Enterprise,finans,2025-10-06,757,12,326,19,4,Standard,65,False,757
6,Startup,Rekruttering,2025-07-04,1161,14,602,56,13,Standard,51,True,1161
7,Pro,Rekruttering,2026-02-20,2404,115,1493,105,33,Deep Dive,93,True,7212
8,Startup,SaaS,2025-10-18,424,23,186,11,1,Deep Dive,98,False,1272
9,Basic,Finans,2026-03-10,1544,90,890,120,31,Standard,84,True,1544
10,Free,saas,2025-10-07,1001,79,456,42,11,Deep Dive,77,False,3003
11,Startup,saas,2025-10-13,234,4,146,12,3,Standard,67,True,234
12,Pro,Finans,2026-01-24,1446,15,520,46,6,Standard,54,True,1446
13,Enterprise,finans,2025-11-13,1340,99,647,72,25,Standard,44,True,1340
14,Enterprise,SaaS,2025-12-19,2049,103,816,33,7,Standard,85,True,2049
15,Pro,SaaS,2025-06-06,885,65,556,82,14,Deep Dive,75,False,2655
16,Pro,SaaS,2025-08-19,1293,42,538,41,6,Standard,79,True,1293
17,Enterprise,SaaS,2025-04-06,2145,130,1334,189,36,Deep Dive,95,False,6435
18,Basic,SaaS,2025-05-06,2441,60,929,33,8,Standard,56,False,2441
19,,Rekruttering,2025-11-24,1762,46,1007,140,48,Deep Dive,79,True,5286
20,Enterprise,SaaS,2025-07-15,393,5,232,16,2,Standard,69,False,393
21,Pro,finans,2025-09-30,520,12,300,26,9,Standard,67,True,520
22,Pro,SaaS,2025-05-04,2006,33,1224,115,29,Standard,44,False,2006
23,Pro,Finans,2025-09-11,2116,44,648,83,18,Standard,67,True,2116
24,Basic,finans,2026-01-02,2419,123,810,116,38,Deep Dive,80,True,7257
25,Enterprise,SaaS,2025-10-11,1499,46,850,85,13,Standard,44,False,1499
26,Basic,SaaS,2025-05-07,1749,75,1010,84,21,Deep Dive,96,True,5247
27,,SaaS,2025-12-16,243,3,144,13,2,Deep Dive,95,False,729
28,Basic,Rekruttering,2025-08-12,2282,84,771,27,5,Deep Dive,79,False,6846
29,Pro,SaaS,2026-01-29,1822,107,708,43,6,Deep Dive,78,False,5466
30,Free,saas,2025-08-02,196,4,71,6,N/A,Deep Dive,94,False,588
31,Free,SaaS,2026-01-28,1969,22,1094,56,12,Deep Dive,90,True,5907
32,Startup,finans,2025-10-19,1032,59,518,46,14,Deep Dive,93,False,3096
33,Startup,SaaS,2025-04-18,1787,30,554,63,12,Deep Dive,94,True,5361
34,Free,Rekruttering,2025-07-09,1673,127,948,33,5,Deep Dive,76,True,5019
35,Free,saas,2026-03-15,1767,107,1121,151,46,Deep Dive,79,True,5301
36,Free,saas,2026-03-11,1535,32,578,58,18,Deep Dive,93,False,4605
37,Free,SaaS,2025-08-27,452,25,155,7,2,Deep Dive,91,False,1356
38,Enterprise,Finans,2025-08-02,414,19,146,11,2,Deep Dive,90,True,1242
39,Enterprise,saas,2026-01-12,1361,92,804,109,36,Standard,69,False,1361
40,Basic,Finans,2026-03-11,1932,95,737,51,15,Deep Dive,89,True,5796
41,Enterprise,SaaS,2025-09-05,1340,106,621,61,11,Standard,60,True,1340
42,Free,SaaS,2025-04-28,2110,35,1128,132,28,Deep Dive,77,False,6330
43,Startup,Rekruttering,2026-01-01,193,6,60,6,1,Deep Dive,83,False,579
44,Basic,saas,2025-08-03,13812,705,8021,557,144,Standard,81,True,13812
45,Free,SaaS,2026-01-21,1603,79,560,63,17,Standard,53,True,1603
46,Startup,Finans,2025-09-04,1579,65,812,119,39,Standard,61,False,1579
47,Basic,Rekruttering,2025-06-21,916,22,474,19,4,Deep Dive,79,True,2748
48,Pro,Finans,2026-02-04,1036,22,631,47,7,Standard,72,True,1036
49,Enterprise,SaaS,2025-12-08,266,17,105,8,2,Deep Dive,85,False,798
50,Pro,saas,2025-09-08,480,16,261,11,1,Deep Dive,84,True,1440
51,Free,SaaS,2026-02-21,2411,122,1097,157,23,Standard,81,True,2411
52,,saas,2025-09-29,134,2,46,4,1,Standard,64,True,134
53,,finans,2026-01-15,1149,59,578,68,20,Standard,60,True,1149
54,,SaaS,2026-03-14,754,54,246,31,10,Standard,65,False,754
55,Basic,SaaS,2025-08-25,906,67,339,24,3,Deep Dive,92,False,2718
56,Startup,saas,2026-01-01,1681,132,904,120,33,Standard,85,True,1681
57,Startup,saas,2025-08-22,1510,71,679,36,11,Deep Dive,85,False,4530
58,,Finans,2025-11-03,1534,84,960,134,16,Deep Dive,81,True,4602
59,Enterprise,SaaS,2025-06-12,1723,122,531,67,19,Standard,77,False,1723
60,Basic,saas,2025-03-23,632,46,287,43,12,Standard,75,True,632
61,Free,Rekruttering,2025-12-06,219,10,69,9,2,Deep Dive,84,False,657
62,Basic,SaaS,2025-05-04,1324,47,402,40,N/A,Standard,45,True,1324
63,Enterprise,SaaS,2025-07-29,1440,39,538,41,12,Deep Dive,78,False,4320
64,Enterprise,Rekruttering,2026-02-11,2190,90,1250,124,21,Standard,70,True,2190
65,Free,SaaS,2025-05-12,894,45,474,59,6,Deep Dive,93,False,2682
66,Free,saas,2026-02-28,13888,1014,7729,1121,186,Standard,52,True,13888
67,Basic,Finans,2025-08-11,276,11,125,5,1,Standard,58,True,276
68,Enterprise,Finans,2025-05-14,1175,13,698,66,18,Standard,49,False,1175
69,Free,SaaS,2025-10-11,748,58,378,21,6,Deep Dive,94,False,2244
70,Basic,Finans,2025-10-11,972,38,551,33,7,Standard,41,False,972
71,Basic,saas,2025-09-04,1496,22,532,17,5,Deep Dive,84,False,4488
72,Basic,SaaS,2026-03-03,2143,166,1060,132,36,Standard,47,True,2143
73,Startup,SaaS,2025-08-05,1305,35,824,34,11,Deep Dive,92,False,3915
74,Pro,SaaS,2025-04-17,300,7,172,10,3,Deep Dive,95,False,900
75,Free,Rekruttering,2025-11-27,2147,99,950,85,14,Deep Dive,98,False,6441
76,Startup,SaaS,2026-02-18,1969,95,881,129,28,Deep Dive,89,False,5907
77,Basic,finans,2025-12-26,1412,34,572,22,8,Standard,53,False,1412
78,Startup,SaaS,2025-10-11,1980,133,603,65,18,Standard,54,True,1980
79,Basic,Finans,2025-08-16,2193,27,1053,99,N/A,Deep Dive,94,False,6579
80,Startup,SaaS,2025-07-24,1305,33,796,65,9,Deep Dive,96,False,3915
81,Free,SaaS,2025-05-30,491,18,185,7,2,Standard,71,False,491
82,Enterprise,SaaS,2025-10-27,1328,53,607,41,5,Standard,57,True,1328
83,Free,finans,2025-05-31,2421,97,1323,73,9,Standard,44,False,2421
84,Pro,Rekruttering,2025-09-30,869,12,344,29,8,Standard,57,False,869
85,Free,finans,2026-01-03,1939,37,914,91,15,Deep Dive,75,True,5817
86,Enterprise,Rekruttering,2025-09-28,1405,36,577,69,19,Standard,47,False,1405
87,Enterprise,SaaS,2025-04-28,990,34,323,37,9,Standard,82,False,990
88,Enterprise,SaaS,2025-10-06,1315,91,623,36,6,Deep Dive,97,True,3945
89,Startup,saas,2025-08-26,2430,54,1312,167,N/A,Deep Dive,96,True,7290
90,Basic,saas,2025-09-27,1601,112,892,120,17,Standard,51,True,1601
91,Basic,SaaS,2025-06-18,1215,32,731,95,19,Standard,82,True,1215
92,Enterprise,SaaS,2025-04-06,913,19,278,32,4,Deep Dive,79,True,2739
93,Enterprise,Rekruttering,2025-09-26,1739,73,1102,163,21,Deep Dive,83,False,5217
94,Basic,SaaS,2025-07-03,1409,38,532,68,17,Deep Dive,80,False,4227
95,Enterprise,finans,2025-10-10,711,19,220,30,5,Standard,41,True,711
96,,SaaS,2025-07-13,2101,155,840,65,19,Standard,42,True,2101
97,Enterprise,SaaS,2026-01-26,1136,23,356,49,11,Standard,57,False,1136
98,Free,Rekruttering,2026-02-09,1261,90,807,40,9,Standard,67,False,1261
99,Enterprise,Rekruttering,2026-01-05,1089,81,707,35,9,Deep Dive,89,False,3267
100,Free,saas,2025-05-22,713,56,457,45,9,Deep Dive,77,True,2139
101,Basic,saas,2025-11-23,708,11,333,44,10,Standard,76,True,708
102,Pro,Finans,2025-08-25,1786,87,902,30,4,Standard,72,False,1786
103,Free,saas,2025-09-05,1181,15,553,67,9,Standard,72,False,1181
104,Startup,Rekruttering,2025-08-23,1484,97,676,48,14,Standard,43,False,1484
105,Free,SaaS,2025-08-22,943,60,396,37,13,Deep Dive,93,False,2829
106,Enterprise,Rekruttering,2025-12-09,1182,60,423,44,11,Deep Dive,86,True,3546
107,Basic,Finans,2025-08-21,1895,140,710,80,15,Deep Dive,75,False,5685
108,Startup,finans,2025-10-23,615,48,398,47,9,Deep Dive,97,True,1845
109,,finans,2025-06-02,690,15,363,26,3,Standard,52,False,690
110,Pro,Rekruttering,2025-04-11,1554,105,936,49,16,Deep Dive,89,False,4662
111,Startup,saas,2025-12-12,1411,48,580,46,8,Standard,80,True,1411
112,Pro,finans,2026-02-10,340,11,116,9,2,Standard,46,False,340
113,Free,finans,2025-09-09,863,22,402,25,8,Deep Dive,85,True,2589
114,Free,Finans,2025-07-22,2163,43,1238,69,13,Standard,56,False,2163
115,Free,SaaS,2026-02-23,2305,108,704,95,20,Deep Dive,86,True,6915
116,Free,SaaS,2025-09-28,422,26,257,17,5,Deep Dive,96,False,1266
117,Basic,finans,2025-12-29,939,40,401,14,2,Standard,40,False,939
118,Startup,SaaS,2026-01-12,264,4,127,13,2,Standard,79,False,264
119,Enterprise,Finans,2025-07-03,416,27,249,13,3,Deep Dive,87,True,1248
120,Startup,finans,2026-01-14,14585,159,6012,764,200,Standard,49,True,14585
121,Enterprise,Rekruttering,2025-04-25,1549,106,478,63,12,Deep Dive,86,True,4647
122,Basic,Rekruttering,2025-06-05,1914,80,1210,158,41,Standard,63,True,1914
123,Basic,finans,2025-03-31,1105,70,379,47,6,Deep Dive,91,False,3315
124,Enterprise,Rekruttering,2025-08-20,289,14,120,16,4,Deep Dive,91,True,867
125,,Rekruttering,2025-10-26,612,37,202,15,4,Standard,52,True,612
126,Basic,SaaS,2025-04-29,749,43,274,10,2,Deep Dive,90,False,2247
127,Basic,Finans,2026-01-15,721,16,333,25,6,Standard,72,True,721
128,Pro,SaaS,2025-10-18,238,18,101,6,2,Standard,66,False,238
129,Enterprise,finans,2025-06-02,2195,112,1146,114,16,Standard,85,False,2195
130,Enterprise,Rekruttering,2026-02-16,736,17,222,32,7,Deep Dive,80,False,2208
131,Pro,Finans,2025-07-08,2383,162,892,61,21,Deep Dive,93,False,7149
132,Enterprise,SaaS,2025-04-27,2096,95,804,64,11,Deep Dive,89,True,6288
133,Basic,finans,2025-06-01,552,31,357,51,12,Deep Dive,88,False,1656
134,,saas,2025-11-21,293,8,105,7,1,Deep Dive,95,False,879
135,Enterprise,finans,2025-11-12,2197,65,693,27,3,Deep Dive,98,False,6591
136,Pro,Rekruttering,2025-06-20,1741,114,937,85,N/A,Deep Dive,75,True,5223
137,Startup,Finans,2025-12-17,2153,141,1322,113,27,Standard,58,False,2153
138,Enterprise,SaaS,2026-01-28,644,37,303,17,3,Standard,47,True,644
139,Pro,SaaS,2026-01-17,1597,82,732,45,11,Standard,49,True,1597
140,Basic,saas,2025-09-15,1801,118,622,70,16,Deep Dive,98,False,5403
141,,saas,2025-11-16,1550,22,609,34,5,Deep Dive,92,False,4650
142,Enterprise,Rekruttering,2025-04-23,133,4,68,2,1,Standard,57,True,133
143,Enterprise,SaaS,2025-11-25,1073,56,657,67,19,Standard,73,True,1073
144,Basic,saas,2025-07-09,1326,89,529,22,6,Standard,75,True,1326
145,Startup,saas,2026-02-04,2324,116,1084,70,13,Standard,51,False,2324
146,Startup,finans,2026-01-06,1414,106,600,72,24,Deep Dive,92,True,4242
147,Pro,SaaS,2025-06-03,150,9,90,7,2,Deep Dive,93,False,450
148,Free,SaaS,2026-02-19,1572,123,968,68,20,Standard,52,False,1572
149,Pro,Rekruttering,2025-12-17,189,14,121,10,N/A,Standard,44,True,189
150,Free,Finans,2026-01-06,1161,47,451,59,15,Standard,49,False,1161
151,Basic,SaaS,2026-02-18,491,39,221,14,3,Standard,77,True,491
152,Enterprise,saas,2025-05-20,1867,134,841,83,11,Standard,47,True,1867
153,Startup,Finans,2026-01-12,1960,63,1029,152,43,Deep Dive,79,False,5880
154,Free,SaaS,2025-09-20,2113,58,892,75,16,Standard,58,False,2113
155,Pro,Rekruttering,2026-03-01,1186,51,640,95,21,Deep Dive,88,True,3558
156,Pro,Rekruttering,2025-09-29,867,45,386,20,4,Deep Dive,88,False,2601
157,Startup,saas,2025-08-22,1225,16,447,30,3,Standard,80,False,1225
158,Enterprise,Finans,2026-01-31,1310,35,706,70,18,Deep Dive,76,False,3930
159,Pro,saas,2025-03-26,2438,100,886,88,27,Deep Dive,95,True,7314
160,Pro,SaaS,2025-05-10,564,11,338,15,5,Standard,57,False,564
161,Basic,SaaS,2025-08-30,1683,73,809,33,8,Standard,47,True,1683
162,Pro,SaaS,2025-12-09,921,35,571,45,5,Deep Dive,81,False,2763
163,Free,SaaS,2025-05-29,1317,39,811,41,5,Deep Dive,88,False,3951
164,Pro,finans,2026-01-02,1579,39,519,50,11,Deep Dive,89,False,4737
165,Free,finans,2025-11-04,388,16,148,14,4,Standard,64,False,388
166,Enterprise,saas,2026-02-13,1144,48,426,33,11,Deep Dive,86,True,3432
167,Pro,finans,2025-08-17,1366,72,869,95,22,Standard,57,False,1366
168,Enterprise,Finans,2026-01-28,431,12,257,29,4,Standard,83,True,431
169,,finans,2025-07-14,409,12,258,20,4,Standard,81,True,409
170,Basic,SaaS,2025-05-31,2174,23,1334,114,12,Deep Dive,84,False,6522
171,Free,saas,2025-04-13,1294,59,415,16,5,Standard,59,False,1294
172,Enterprise,SaaS,2025-07-14,766,13,344,33,8,Standard,54,False,766
173,Startup,Rekruttering,2025-07-15,1996,64,886,46,6,Deep Dive,87,False,5988
174,Startup,Finans,2025-10-04,1727,43,672,97,18,Standard,48,False,1727
175,Enterprise,SaaS,2026-02-24,167,11,64,6,1,Standard,85,False,167
176,Enterprise,finans,2025-12-26,1432,101,873,86,15,Deep Dive,80,False,4296
177,Pro,SaaS,2026-02-24,2380,42,1216,167,48,Deep Dive,95,True,7140
178,Free,SaaS,2025-04-20,894,30,371,20,5,Deep Dive,87,False,2682
179,Enterprise,SaaS,2025-09-11,1074,18,490,63,17,Standard,63,False,1074
180,Basic,SaaS,2025-04-28,2495,100,958,79,N/A,Standard,50,False,2495
181,Startup,Finans,2025-03-27,2194,175,1169,82,28,Standard,61,True,2194
182,Startup,SaaS,2025-03-27,647,27,373,28,6,Standard,70,True,647
183,Free,Rekruttering,2025-04-09,1783,44,1072,118,21,Standard,76,True,1783
184,Enterprise,Rekruttering,2026-03-01,1184,91,647,20,N/A,Deep Dive,96,False,3552
185,,SaaS,2025-04-25,867,23,363,13,3,Deep Dive,80,False,2601
186,Enterprise,SaaS,2025-11-30,507,38,319,20,6,Deep Dive,75,False,1521
187,Pro,saas,2025-04-17,1413,25,688,37,4,Standard,49,False,1413
188,Startup,SaaS,2025-12-28,1757,56,883,123,26,Deep Dive,96,True,5271
189,Enterprise,Rekruttering,2025-07-03,439,21,140,10,2,Deep Dive,93,True,1317
190,Startup,Finans,2025-11-21,1768,86,711,93,11,Standard,60,False,1768
191,Startup,SaaS,2025-04-21,1725,40,946,97,20,Deep Dive,98,True,5175
192,Pro,Rekruttering,2025-10-13,168,5,96,4,1,Standard,82,True,168
193,Pro,saas,2025-07-07,2026,91,781,73,15,Standard,84,True,2026
194,Free,SaaS,2025-06-21,954,67,289,43,11,Standard,51,True,954
195,Basic,saas,2026-03-15,391,21,203,30,10,Deep Dive,85,True,1173
196,Enterprise,Rekruttering,2026-02-10,947,40,469,53,11,Standard,78,False,947
197,Free,SaaS,2026-02-17,2462,25,774,52,15,Deep Dive,94,False,7386
198,Basic,Rekruttering,2025-12-19,182,10,64,2,1,Deep Dive,91,True,546
199,Free,Finans,2025-07-12,998,37,552,53,11,Standard,66,False,998
200,Basic,finans,2025-05-01,2489,122,1487,176,19,Deep Dive,78,False,7467
201,Startup,Rekruttering,2025-06-20,1062,57,400,52,8,Deep Dive,82,False,3186
202,Free,saas,2025-11-08,1088,64,569,32,N/A,Deep Dive,93,False,3264
203,Free,Rekruttering,2025-08-26,2116,143,865,79,22,Standard,58,True,2116
204,Free,SaaS,2025-12-28,2158,34,727,90,16,Standard,68,False,2158
205,Free,saas,2025-11-27,2179,40,694,81,N/A,Deep Dive,90,True,6537
206,Pro,SaaS,2025-12-18,791,19,243,36,7,Deep Dive,77,False,2373
207,Basic,SaaS,2025-05-26,1049,43,462,30,3,Deep Dive,89,False,3147
208,Free,finans,2025-10-25,2060,141,1228,176,50,Deep Dive,93,False,6180
209,Enterprise,Rekruttering,2025-04-22,2275,176,992,92,29,Deep Dive,81,True,6825
210,Enterprise,saas,2025-04-26,185,3,57,5,2,Deep Dive,94,True,555
211,Basic,Rekruttering,2025-07-14,710,31,270,10,3,Deep Dive,80,True,2130
212,Free,saas,2025-03-23,1922,150,884,81,16,Deep Dive,88,False,5766
213,Pro,Finans,2025-04-12,2122,68,1324,68,18,Deep Dive,82,True,6366
214,Pro,Rekruttering,2025-12-09,587,8,365,25,6,Standard,50,False,587
215,Free,Finans,2025-05-19,681,11,253,10,2,Standard,79,True,681
216,Free,Rekruttering,2025-10-08,1372,15,839,44,9,Standard,62,True,1372
217,Startup,Finans,2025-04-25,271,19,139,6,1,Standard,80,False,271
218,Startup,Rekruttering,2025-12-23,1691,91,739,107,20,Deep Dive,77,True,5073
219,,SaaS,2025-08-06,1165,57,707,46,16,Standard,65,True,1165
220,,saas,2025-05-27,1514,47,747,93,26,Deep Dive,84,False,4542
221,Pro,finans,2025-04-18,1147,25,393,44,6,Deep Dive,78,True,3441
222,Free,finans,2025-08-10,1158,24,401,36,N/A,Deep Dive,80,True,3474
223,Pro,Finans,2025-09-13,12328,240,6627,969,126,Deep Dive,82,False,36984
224,,saas,2025-10-09,1620,78,742,28,8,Standard,67,False,1620
225,Enterprise,Rekruttering,2025-12-10,2344,179,1433,121,26,Standard,51,False,2344
226,Startup,finans,2025-11-17,1713,56,853,72,12,Standard,56,True,1713
227,Basic,finans,2025-09-23,1239,93,623,44,5,Deep Dive,75,False,3717
228,Pro,finans,2025-10-22,2007,21,1029,144,36,Deep Dive,94,True,6021
229,Pro,Rekruttering,2025-09-26,614,41,372,27,8,Standard,45,True,614
230,Enterprise,SaaS,2025-09-22,1109,74,418,21,3,Deep Dive,90,False,3327
231,Enterprise,SaaS,2025-10-24,457,8,186,13,3,Standard,84,True,457
232,Enterprise,SaaS,2025-04-19,1075,35,442,30,5,Deep Dive,85,True,3225
233,Basic,SaaS,2025-05-11,1412,82,544,80,10,Deep Dive,83,False,4236
234,Free,Finans,2025-09-30,1280,95,699,35,10,Standard,41,False,1280
235,Enterprise,Rekruttering,2025-05-11,323,9,195,23,4,Deep Dive,85,False,969
236,Free,Finans,2025-12-14,1590,36,822,119,39,Deep Dive,89,False,4770
237,Pro,finans,2026-02-26,1004,59,442,55,19,Deep Dive,76,True,3012
238,Startup,finans,2025-09-21,1129,19,391,19,5,Standard,84,False,1129
239,Pro,SaaS,2026-03-01,532,28,266,19,4,Standard,57,False,532
240,Free,saas,2026-01-25,2263,60,1175,156,N/A,Deep Dive,92,True,6789
241,Startup,Finans,2025-04-17,1616,109,984,86,15,Standard,45,False,1616
242,Basic,SaaS,2026-01-09,166,11,50,3,0,Standard,62,False,166
243,Startup,Rekruttering,2026-03-05,2385,91,1238,68,14,Standard,51,False,2385
244,Enterprise,Finans,2025-03-16,626,46,260,19,3,Standard,76,False,626
245,Pro,Rekruttering,2025-03-19,418,30,179,11,2,Deep Dive,76,False,1254
246,Free,finans,2025-09-03,1611,51,847,49,9,Deep Dive,80,False,4833
247,,SaaS,2025-04-15,1322,23,528,31,10,Standard,53,False,1322
248,Enterprise,finans,2026-02-14,311,22,169,16,3,Standard,76,False,311
249,Startup,Finans,2025-10-31,2204,152,1390,43,14,Standard,68,False,2204
250,Basic,saas,2025-06-28,413,8,201,12,2,Deep Dive,85,True,1239
251,Pro,finans,2025-09-10,1858,29,658,97,28,Deep Dive,98,True,5574
252,Pro,Rekruttering,2025-03-16,2124,131,1188,60,20,Standard,65,False,2124
253,Free,Rekruttering,2025-05-07,352,24,204,8,2,Deep Dive,91,False,1056
254,Enterprise,Finans,2026-02-26,1425,53,894,86,10,Standard,51,False,1425
255,Basic,SaaS,2025-09-05,2392,27,1293,55,N/A,Deep Dive,92,False,7176
256,Startup,SaaS,2025-04-11,1079,66,683,38,8,Standard,80,True,1079
257,,Rekruttering,2025-09-06,1340,97,654,45,5,Deep Dive,86,True,4020
258,Basic,Finans,2025-05-25,1916,94,1227,79,19,Deep Dive,80,False,5748
259,Free,finans,2026-01-29,1150,34,577,83,10,Standard,67,True,1150
260,Basic,Rekruttering,2025-07-23,2489,134,1249,129,44,Standard,73,False,2489
261,Basic,Finans,2025-09-22,1237,23,779,78,18,Deep Dive,87,True,3711
262,,Finans,2025-11-30,1455,88,576,56,19,Standard,49,True,1455
263,Pro,Finans,2025-04-11,1428,81,463,32,10,Standard,66,True,1428
264,Basic,SaaS,2026-02-21,468,9,261,18,5,Deep Dive,97,False,1404
265,Basic,Finans,2025-10-09,2082,37,1054,151,50,Deep Dive,96,False,6246
266,Enterprise,saas,2025-03-24,1980,111,1240,179,42,Deep Dive,86,True,5940
267,Startup,Rekruttering,2025-11-20,217,5,120,12,2,Standard,52,True,217
268,Pro,saas,2025-05-28,949,28,508,71,23,Deep Dive,75,True,2847
269,Enterprise,Finans,2025-07-12,2092,93,762,28,7,Standard,40,False,2092
270,Pro,Rekruttering,2026-03-11,1166,48,587,65,20,Standard,75,True,1166
271,Free,finans,2025-05-23,1629,97,645,63,9,Deep Dive,93,False,4887
272,Startup,saas,2025-10-29,1723,32,803,54,16,Standard,56,True,1723
273,Enterprise,Rekruttering,2026-02-20,196,13,110,12,2,Deep Dive,93,True,588
274,Free,SaaS,2025-11-25,882,55,458,25,3,Standard,44,True,882
275,Pro,SaaS,2025-07-02,2084,103,933,124,35,Standard,59,False,2084
276,Basic,Rekruttering,2026-01-25,846,66,548,31,6,Standard,77,False,846
277,Free,SaaS,2026-02-13,1751,92,728,47,10,Deep Dive,87,True,5253
278,Startup,Finans,2026-01-03,1732,96,918,36,11,Standard,54,False,1732
279,Free,SaaS,2025-12-09,1229,53,726,108,27,Deep Dive,90,True,3687
280,Startup,SaaS,2025-03-24,2285,44,961,134,14,Standard,63,False,2285
281,Pro,SaaS,2025-11-07,603,27,374,37,12,Standard,79,False,603
282,Free,saas,2026-01-09,2212,99,958,76,10,Standard,77,False,2212
283,Basic,Rekruttering,2025-04-17,1752,20,1025,118,34,Deep Dive,75,False,5256
284,Pro,finans,2025-06-28,1502,85,736,41,13,Standard,55,False,1502
285,Enterprise,finans,2025-11-24,1159,38,689,69,7,Deep Dive,90,True,3477
286,Free,finans,2025-12-10,319,10,163,15,4,Deep Dive,82,False,957
287,,saas,2025-11-04,2169,81,1294,161,18,Deep Dive,94,True,6507
288,Startup,saas,2025-05-16,1161,31,674,72,N/A,Standard,69,False,1161
289,Startup,finans,2026-02-01,1307,44,591,46,10,Standard,83,False,1307
290,Pro,finans,2025-09-22,984,60,536,68,13,Deep Dive,93,True,2952
291,Startup,saas,2025-11-05,679,48,279,29,9,Deep Dive,89,True,2037
292,Free,finans,2025-06-10,2245,156,724,83,16,Deep Dive,77,False,6735
293,Startup,SaaS,2025-12-09,1839,118,731,67,17,Standard,48,True,1839
294,Basic,SaaS,2025-10-23,265,14,147,17,3,Standard,54,False,265
295,Free,SaaS,2026-02-06,110,6,36,4,0,Standard,60,False,110
296,Free,finans,2025-05-18,2050,144,961,33,8,Deep Dive,87,True,6150
297,Free,finans,2025-05-15,1588,42,917,102,20,Standard,52,True,1588
298,Startup,Rekruttering,2026-01-02,641,9,410,37,8,Standard,59,True,641
299,Enterprise,Rekruttering,2025-09-29,2345,157,949,136,23,Standard,64,True,2345
300,Pro,Finans,2026-03-11,844,52,520,65,22,Standard,82,False,844
301,Enterprise,Rekruttering,2025-07-06,962,37,528,74,N/A,Standard,57,False,962
302,Enterprise,finans,2026-03-11,1846,47,844,41,10,Deep Dive,98,True,5538
303,Basic,finans,2025-10-12,865,50,427,16,5,Standard,72,False,865
304,Free,saas,2025-09-11,1355,66,617,43,13,Standard,65,False,1355
305,Free,finans,2025-12-16,599,38,244,10,1,Deep Dive,94,False,1797
306,Startup,finans,2025-12-31,600,13,259,18,5,Standard,53,True,600
307,Free,Rekruttering,2026-02-10,2185,147,1382,58,11,Deep Dive,90,True,6555
308,Pro,SaaS,2026-02-06,987,61,514,76,14,Deep Dive,77,False,2961
309,Startup,Rekruttering,2025-05-07,1896,125,647,69,11,Deep Dive,95,False,5688
310,Pro,saas,2026-02-19,901,30,364,37,9,Standard,50,True,901
311,Basic,finans,2026-01-18,1829,69,599,81,15,Deep Dive,84,False,5487
312,Startup,SaaS,2025-12-06,2151,40,753,81,22,Deep Dive,84,True,6453
313,Basic,SaaS,2025-06-09,2291,142,1281,40,4,Standard,46,False,2291
314,Enterprise,Finans,2025-12-26,1465,97,949,87,19,Deep Dive,90,True,4395
315,,SaaS,2025-12-29,2205,29,1086,132,13,Standard,55,True,2205
316,Pro,Finans,2025-09-08,2430,88,1198,149,19,Standard,47,True,2430
317,Basic,Rekruttering,2026-03-08,1312,27,741,46,12,Deep Dive,94,True,3936
318,,SaaS,2025-11-14,1494,66,627,90,29,Deep Dive,78,False,4482
319,Basic,SaaS,2026-02-23,2136,56,1042,76,10,Standard,50,False,2136
320,Enterprise,Rekruttering,2026-03-14,352,19,161,20,4,Deep Dive,75,False,1056
321,Startup,SaaS,2025-10-11,360,19,190,11,2,Standard,75,True,360
322,Free,SaaS,2026-01-05,1906,141,748,95,20,Standard,66,True,1906
323,Free,saas,2026-01-18,2185,70,659,37,10,Standard,73,False,2185
324,Startup,Rekruttering,2026-03-02,1715,48,527,17,N/A,Standard,77,True,1715
325,Enterprise,Finans,2026-02-27,629,48,296,40,5,Deep Dive,76,False,1887
326,Enterprise,SaaS,2026-03-12,1610,37,569,38,10,Standard,71,True,1610
327,Startup,SaaS,2025-04-25,715,50,367,44,9,Deep Dive,75,True,2145
328,Pro,finans,2025-07-01,1391,67,637,59,10,Deep Dive,78,True,4173
329,Pro,Finans,2026-01-20,874,59,324,11,2,Deep Dive,86,True,2622
330,Enterprise,saas,2025-05-09,274,18,120,15,4,Standard,53,False,274
331,Free,SaaS,2026-01-26,1561,106,824,70,11,Deep Dive,84,False,4683
332,Startup,finans,2025-12-14,509,17,171,22,5,Standard,66,False,509
333,Startup,SaaS,2026-02-01,2163,106,833,70,15,Deep Dive,95,False,6489
334,Free,Finans,2026-01-12,2268,59,1371,134,14,Standard,63,True,2268
335,Free,Finans,2025-10-18,2386,141,1454,102,31,Deep Dive,79,True,7158
336,Startup,Rekruttering,2026-02-05,2359,25,1240,56,11,Standard,65,True,2359
337,Basic,finans,2025-07-10,1572,36,555,73,24,Deep Dive,93,True,4716
338,Enterprise,Rekruttering,2025-05-17,602,39,258,20,5,Standard,47,True,602
339,,SaaS,2025-07-25,544,10,285,41,7,Standard,50,True,544
340,Basic,Rekruttering,2026-01-21,1749,71,586,70,20,Deep Dive,88,True,5247
341,Basic,SaaS,2025-09-09,2157,99,744,84,16,Deep Dive,96,True,6471
342,Pro,finans,2026-03-08,2405,101,819,49,8,Standard,58,True,2405
343,Enterprise,saas,2025-10-25,1250,43,809,109,27,Deep Dive,85,True,3750
344,Pro,Rekruttering,2025-12-21,1352,107,813,71,17,Deep Dive,85,False,4056
345,Enterprise,saas,2025-05-11,962,27,348,44,5,Standard,77,False,962
346,Pro,SaaS,2025-12-24,1388,20,436,15,2,Deep Dive,93,False,4164
347,Free,Finans,2026-01-28,626,22,278,11,3,Deep Dive,80,False,1878
348,Basic,SaaS,2025-08-22,649,36,365,40,10,Deep Dive,92,True,1947
349,Startup,saas,2025-09-07,547,40,253,15,4,Deep Dive,80,True,1641
350,Basic,Rekruttering,2026-02-14,365,13,132,9,2,Standard,66,True,365
351,Pro,saas,2026-01-23,1295,21,776,42,4,Deep Dive,85,False,3885
352,Free,saas,2025-12-23,966,24,292,21,4,Deep Dive,82,False,2898
353,Enterprise,SaaS,2026-01-18,815,36,351,50,15,Deep Dive,84,False,2445
354,Basic,finans,2026-02-14,2445,169,887,57,17,Deep Dive,91,False,7335
355,Enterprise,SaaS,2025-03-28,1424,113,762,74,13,Standard,52,False,1424
356,Enterprise,Finans,2026-01-16,2046,150,1124,68,10,Standard,64,False,2046
357,Startup,saas,2025-05-07,1981,66,921,84,13,Deep Dive,93,False,5943
358,Basic,Rekruttering,2025-10-28,1360,65,642,91,12,Standard,69,True,1360
359,Basic,SaaS,2025-10-19,1891,130,789,111,N/A,Standard,74,True,1891
360,Basic,Finans,2026-03-13,1858,79,929,129,15,Standard,82,False,1858
361,Pro,SaaS,2026-02-21,2130,168,969,56,11,Standard,71,False,2130
362,Enterprise,saas,2025-09-21,1883,29,1106,54,15,Standard,47,False,1883
363,Startup,Rekruttering,2025-04-29,540,7,241,20,5,Deep Dive,93,True,1620
364,Free,Rekruttering,2026-01-24,2318,100,1417,195,N/A,Standard,57,False,2318
365,Enterprise,Rekruttering,2026-02-16,328,14,199,21,6,Standard,70,False,328
366,Startup,saas,2025-07-29,926,66,496,20,2,Standard,57,False,926
367,Startup,Rekruttering,2026-01-07,1293,100,768,47,N/A,Standard,56,False,1293
368,Basic,Rekruttering,2025-08-05,1840,116,845,69,19,Deep Dive,89,True,5520
369,Pro,finans,2026-01-25,1758,39,576,61,21,Deep Dive,77,True,5274
370,Enterprise,Rekruttering,2026-01-16,1563,105,946,121,26,Deep Dive,94,False,4689
371,Free,Rekruttering,2025-09-24,2236,42,1221,81,N/A,Deep Dive,82,False,6708
372,Enterprise,Finans,2025-07-16,2001,115,662,77,27,Standard,83,False,2001
373,Enterprise,SaaS,2025-07-12,834,58,473,29,8,Standard,56,True,834
374,Startup,finans,2026-01-23,814,21,464,26,9,Deep Dive,83,True,2442
375,Startup,saas,2025-11-22,430,30,218,26,4,Deep Dive,75,False,1290
376,Enterprise,SaaS,2025-10-03,1803,92,696,101,17,Standard,45,False,1803
377,Enterprise,saas,2025-04-21,464,13,143,10,3,Standard,68,True,464
378,Enterprise,finans,2025-05-01,140,5,87,8,2,Deep Dive,89,True,420
379,Free,saas,2025-05-20,1914,82,1056,111,28,Deep Dive,90,False,5742
380,Pro,SaaS,2025-04-23,982,62,493,70,13,Deep Dive,94,False,2946
381,Free,Finans,2025-12-17,1031,64,542,58,13,Standard,54,True,1031
382,Basic,saas,2025-03-16,1916,115,907,113,36,Deep Dive,87,False,5748
383,Startup,saas,2025-08-25,2290,74,901,52,8,Standard,77,True,2290
384,Enterprise,SaaS,2025-08-04,421,21,206,11,2,Standard,83,False,421
385,Basic,SaaS,2025-05-27,2356,184,1139,162,48,Deep Dive,75,False,7068
386,Enterprise,SaaS,2025-10-13,861,33,475,39,8,Deep Dive,94,True,2583
387,Free,Finans,2025-07-29,750,37,425,53,12,Standard,82,False,750
388,Free,Finans,2025-08-09,2102,104,667,96,22,Standard,52,True,2102
389,Basic,saas,2026-02-07,1981,132,863,33,5,Deep Dive,89,True,5943
390,Pro,finans,2025-11-17,745,22,297,22,4,Deep Dive,92,True,2235
391,Pro,Finans,2025-12-09,2419,96,1372,91,16,Deep Dive,83,True,7257
392,Free,SaaS,2026-03-01,1678,103,1025,121,30,Standard,83,True,1678
393,Basic,SaaS,2025-10-03,104,5,44,5,2,Deep Dive,91,True,312
394,Startup,saas,2025-04-13,2372,181,1125,87,17,Deep Dive,83,True,7116
395,Free,saas,2025-03-19,1593,123,504,74,22,Standard,44,False,1593
396,Free,SaaS,2025-10-09,425,9,264,21,5,Deep Dive,89,False,1275
397,Startup,finans,2025-11-13,604,10,249,9,3,Deep Dive,82,True,1812
398,Free,SaaS,2025-11-27,1448,26,786,97,23,Standard,58,False,1448
399,Basic,Rekruttering,2026-03-01,615,48,244,36,6,Deep Dive,95,True,1845
400,Pro,saas,2025-10-17,1273,76,518,33,5,Deep Dive,82,False,3819
401,Startup,SaaS,2026-02-13,582,23,302,44,8,Deep Dive,84,True,1746
402,Basic,finans,2025-12-21,13642,700,8054,1109,364,Deep Dive,83,False,40926
403,Pro,SaaS,2026-01-26,2359,71,750,62,10,Standard,76,False,2359
404,Pro,saas,2025-03-25,328,17,117,16,3,Deep Dive,88,True,984
405,Basic,Rekruttering,2025-07-26,1122,30,357,37,8,Deep Dive,78,True,3366
406,Basic,SaaS,2026-02-04,777,20,254,27,7,Standard,70,True,777
407,Free,SaaS,2026-02-28,2126,69,1302,93,22,Standard,81,True,2126
408,Free,Finans,2025-09-25,1209,86,468,28,8,Standard,49,True,1209
409,Startup,saas,2025-03-17,332,9,119,9,2,Deep Dive,85,True,996
410,Basic,SaaS,2025-12-05,962,16,621,75,13,Deep Dive,85,True,2886
411,Basic,SaaS,2025-07-13,480,20,191,28,3,Standard,40,False,480
412,Enterprise,Rekruttering,2025-03-20,355,13,224,11,2,Standard,70,False,355
413,Enterprise,saas,2025-12-15,1090,70,609,43,10,Deep Dive,94,False,3270
414,Free,saas,2026-02-22,968,59,397,18,2,Deep Dive,82,False,2904
415,Enterprise,saas,2025-04-23,865,13,364,49,11,Standard,73,False,865
416,Startup,finans,2025-07-31,2106,63,828,86,28,Deep Dive,97,False,6318
417,Enterprise,saas,2025-09-15,1655,127,814,96,14,Deep Dive,77,True,4965
418,Free,saas,2026-03-08,1836,86,940,81,18,Standard,58,True,1836
419,Pro,Rekruttering,2025-12-30,1726,97,842,82,N/A,Deep Dive,98,True,5178
420,Enterprise,Rekruttering,2025-12-05,944,75,401,48,15,Standard,66,False,944
421,Free,saas,2025-03-26,933,39,534,74,15,Standard,61,False,933
422,Pro,SaaS,2025-10-30,539,34,239,19,6,Deep Dive,98,True,1617
423,Startup,SaaS,2025-05-24,1270,24,694,71,18,Deep Dive,77,False,3810
424,Startup,Finans,2025-11-22,2309,68,775,106,34,Deep Dive,77,False,6927
425,Startup,SaaS,2025-04-01,345,21,150,7,1,Deep Dive,97,True,1035
426,Free,Finans,2025-12-08,784,11,362,31,7,Deep Dive,96,True,2352
427,Enterprise,Rekruttering,2025-12-14,573,44,184,10,1,Deep Dive,77,False,1719
428,Enterprise,SaaS,2025-10-30,582,33,353,30,N/A,Deep Dive,75,False,1746
429,Free,Rekruttering,2025-11-25,522,14,163,19,5,Deep Dive,94,False,1566
430,Pro,SaaS,2025-06-28,2009,26,1289,149,39,Standard,75,True,2009
431,Startup,finans,2025-05-09,163,9,61,5,1,Deep Dive,98,True,489
432,Startup,finans,2025-05-16,2044,114,1225,81,17,Deep Dive,89,True,6132
433,Enterprise,saas,2025-08-18,766,26,496,44,11,Standard,47,False,766
434,Pro,SaaS,2025-10-09,1445,48,691,30,9,Standard,50,True,1445
435,Basic,SaaS,2025-06-18,1681,116,942,45,7,Deep Dive,81,False,5043
436,Free,Rekruttering,2025-11-26,1037,82,469,51,13,Deep Dive,83,True,3111
437,Enterprise,SaaS,2025-04-06,996,26,552,23,4,Standard,48,True,996
438,Enterprise,finans,2025-10-03,1451,55,464,22,5,Standard,62,True,1451
439,Pro,SaaS,2025-03-23,205,6,90,9,1,Standard,55,True,205
440,Free,SaaS,2025-07-25,515,35,334,31,5,Deep Dive,91,False,1545
441,Free,finans,2025-11-11,1893,86,1005,51,15,Deep Dive,87,True,5679
442,Startup,saas,2025-04-21,129,6,79,10,2,Standard,60,False,129
443,Startup,SaaS,2025-12-10,2182,112,975,35,7,Standard,78,False,2182
444,,Finans,2025-09-16,764,26,451,61,N/A,Deep Dive,98,True,2292
445,Enterprise,saas,2025-05-23,460,35,224,8,2,Standard,46,False,460
446,Basic,Rekruttering,2025-03-19,633,37,358,19,4,Standard,50,True,633
447,Enterprise,Finans,2025-11-14,1919,39,775,82,11,Standard,79,False,1919
448,Startup,Finans,2025-03-21,2457,61,1377,174,21,Standard,75,False,2457
449,Free,Rekruttering,2025-12-18,678,53,398,30,8,Deep Dive,96,False,2034
450,,SaaS,2025-07-19,1010,20,552,46,16,Deep Dive,80,True,3030
451,Free,SaaS,2025-09-04,814,22,374,24,3,Deep Dive,82,True,2442
452,Free,Finans,2025-05-30,2434,66,1314,82,N/A,Deep Dive,80,False,7302
453,Free,Finans,2025-12-19,2057,111,791,97,16,Standard,56,False,2057
454,Basic,SaaS,2026-02-11,109,4,36,5,1,Deep Dive,95,False,327
455,Basic,saas,2025-07-19,1393,74,534,24,5,Deep Dive,75,False,4179
456,Startup,Rekruttering,2025-09-29,1208,56,755,76,24,Standard,56,True,1208
457,Enterprise,Rekruttering,2025-04-28,1456,108,438,31,8,Standard,73,True,1456
458,Pro,Rekruttering,2025-06-28,2498,48,1451,212,73,Deep Dive,89,True,7494
459,Startup,SaaS,2025-04-15,1565,79,573,23,4,Standard,66,False,1565
460,Startup,saas,2025-07-14,12343,781,4477,293,79,Deep Dive,89,True,37029
461,Free,saas,2025-12-22,1256,73,653,96,14,Deep Dive,96,True,3768
462,Enterprise,saas,2025-09-03,2411,38,1185,159,50,Deep Dive,80,True,7233
463,Basic,saas,2026-03-15,223,10,136,9,2,Deep Dive,78,True,669
464,Startup,saas,2025-05-25,2280,163,991,76,17,Standard,79,False,2280
465,Basic,SaaS,2025-05-11,626,33,192,12,3,Standard,79,False,626
466,Startup,Rekruttering,2025-03-25,1301,55,539,29,7,Deep Dive,88,True,3903
467,Free,Finans,2025-04-04,916,61,552,35,7,Standard,62,False,916
468,Pro,saas,2025-06-11,1792,111,857,69,11,Standard,61,True,1792
469,Free,Rekruttering,2025-11-18,1585,24,965,114,20,Deep Dive,82,False,4755
470,Pro,SaaS,2025-05-18,1846,69,720,95,11,Standard,60,True,1846
471,Free,SaaS,2025-09-12,2215,44,886,45,7,Standard,45,False,2215
472,Pro,Rekruttering,2025-07-24,2191,146,1244,98,25,Deep Dive,95,False,6573
473,Pro,finans,2025-09-30,753,46,358,15,4,Deep Dive,79,False,2259
474,,SaaS,2025-08-27,2105,89,1154,137,27,Deep Dive,92,False,6315
475,Free,Rekruttering,2025-04-30,2145,54,866,38,11,Standard,59,False,2145
476,,Rekruttering,2026-01-11,822,28,248,37,13,Standard,46,True,822
477,Pro,finans,2025-11-02,1902,78,874,97,18,Deep Dive,93,False,5706
478,Enterprise,SaaS,2025-09-03,494,30,267,37,10,Standard,53,False,494
479,Basic,Finans,2025-06-16,448,14,228,26,6,Deep Dive,76,False,1344
480,Startup,SaaS,2025-08-27,420,22,199,13,2,Standard,81,False,420
481,Free,SaaS,2025-11-11,991,25,531,36,4,Deep Dive,81,True,2973
482,Free,saas,2025-06-24,906,55,539,60,15,Standard,65,True,906
483,Startup,saas,2026-01-17,1472,50,459,36,10,Deep Dive,92,True,4416
484,Startup,Rekruttering,2025-08-30,1888,67,747,98,15,Deep Dive,88,True,5664
485,Basic,Rekruttering,2025-04-17,765,25,472,33,11,Deep Dive,83,True,2295
486,Pro,saas,2025-11-19,1559,74,834,71,18,Deep Dive,76,True,4677
487,Enterprise,finans,2025-10-15,1533,61,986,68,18,Standard,66,False,1533
488,Startup,SaaS,2025-09-05,1032,13,586,79,25,Standard,48,False,1032
489,Enterprise,Rekruttering,2026-02-24,1881,31,1177,109,18,Standard,67,True,1881
490,Basic,Finans,2025-09-03,2371,64,1391,153,33,Deep Dive,84,False,7113
491,Enterprise,Rekruttering,2025-06-18,240,13,130,14,3,Standard,43,False,240
492,Pro,SaaS,2025-09-17,487,23,290,31,10,Standard,59,False,487
493,Enterprise,saas,2025-10-08,1998,101,1024,38,7,Deep Dive,78,True,5994
494,Startup,finans,2025-12-30,1888,22,828,78,20,Standard,72,True,1888
495,Basic,finans,2025-07-15,723,10,422,36,9,Standard,63,False,723
496,Pro,SaaS,2025-08-22,826,9,321,39,11,Deep Dive,93,True,2478
497,Pro,SaaS,2026-03-04,344,7,174,6,2,Standard,68,True,344
498,Pro,saas,2025-10-21,801,43,444,32,10,Deep Dive,76,False,2403
499,Startup,finans,2025-04-05,219,11,90,10,2,Deep Dive,84,True,657
500,Free,finans,2025-05-01,2389,105,1380,80,12,Standard,45,False,2389
501,Startup,saas,2025-04-21,1316,51,627,70,N/A,Standard,68,True,1316
502,Free,finans,2026-01-19,2397,130,1557,130,31,Deep Dive,85,False,7191
503,,finans,2025-11-16,222,6,89,13,4,Standard,76,False,222
504,Startup,Rekruttering,2025-08-11,1445,115,689,76,17,Deep Dive,89,False,4335
505,Pro,Rekruttering,2025-05-16,903,70,525,69,17,Deep Dive,85,True,2709
506,Enterprise,SaaS,2026-02-21,1350,23,555,68,14,Deep Dive,86,False,4050
507,Basic,SaaS,2025-09-18,2157,100,687,94,19,Standard,45,False,2157
508,Free,saas,2025-11-09,434,32,184,10,2,Standard,69,False,434
509,Pro,Rekruttering,2025-10-21,1991,142,912,107,N/A,Deep Dive,84,True,5973
510,Pro,SaaS,2025-09-29,901,17,455,65,19,Standard,65,True,901
511,Enterprise,saas,2025-10-30,1488,91,557,34,7,Standard,41,True,1488
512,Basic,Rekruttering,2025-06-17,1000,60,519,56,8,Standard,72,True,1000
513,Basic,SaaS,2026-01-12,1769,26,617,22,2,Deep Dive,82,False,5307
514,Pro,finans,2025-05-06,959,37,360,13,4,Deep Dive,98,True,2877
515,Enterprise,Finans,2025-06-11,647,51,294,11,N/A,Deep Dive,78,False,1941
516,Basic,Rekruttering,2025-06-20,804,46,374,16,3,Standard,62,False,804
517,Basic,saas,2025-06-13,209,7,126,10,2,Standard,74,True,209
518,Basic,saas,2026-03-06,203,2,112,15,5,Standard,74,False,203
519,Basic,finans,2025-04-08,753,12,282,19,3,Standard,74,False,753
520,Enterprise,Finans,2025-05-28,14183,265,5641,748,108,Standard,43,True,14183
521,Enterprise,Rekruttering,2025-06-11,2426,184,1111,151,44,Deep Dive,94,True,7278
522,Free,SaaS,2025-09-03,871,16,483,72,22,Standard,75,True,871
523,Pro,finans,2025-05-13,722,32,259,11,3,Standard,77,True,722
524,Free,saas,2025-10-02,330,11,120,10,2,Deep Dive,93,False,990
525,Startup,Rekruttering,2025-10-07,2393,93,1369,187,43,Deep Dive,94,False,7179
526,Enterprise,finans,2025-08-06,1319,35,577,42,10,Deep Dive,94,True,3957
527,Free,saas,2025-07-29,682,11,435,20,7,Deep Dive,78,False,2046
528,Free,finans,2025-08-20,2352,86,1074,65,15,Deep Dive,80,False,7056
529,Enterprise,SaaS,2025-09-01,1280,75,487,56,16,Standard,56,True,1280
530,Free,SaaS,2025-05-01,1573,43,932,92,25,Deep Dive,81,False,4719
531,Free,saas,2025-08-05,2385,87,870,79,12,Standard,40,True,2385
532,Pro,Finans,2025-06-29,602,22,246,19,6,Deep Dive,84,False,1806
533,Enterprise,Finans,2025-09-06,153,11,95,11,2,Standard,76,True,153
534,Free,Rekruttering,2025-10-09,2371,85,968,47,8,Standard,64,False,2371
535,Pro,saas,2025-05-20,2203,90,1364,157,18,Standard,50,True,2203
536,Startup,Finans,2025-08-21,2315,26,757,97,32,Deep Dive,79,True,6945
537,Basic,SaaS,2025-06-19,1147,30,494,24,6,Deep Dive,80,True,3441
538,Basic,Rekruttering,2026-01-08,1621,107,918,72,24,Deep Dive,86,False,4863
539,Free,saas,2025-05-07,2341,159,839,73,8,Standard,83,True,2341
540,Free,SaaS,2025-11-23,990,70,401,55,14,Deep Dive,95,False,2970
541,Free,Rekruttering,2025-11-22,1825,137,870,102,19,Standard,76,False,1825
542,Enterprise,finans,2025-04-24,1558,97,525,75,22,Deep Dive,95,False,4674
543,Enterprise,saas,2026-02-06,1694,61,824,85,10,Standard,71,True,1694
544,Startup,finans,2025-07-09,339,10,180,20,2,Standard,46,False,339
545,Basic,Finans,2025-07-19,2300,163,1257,171,N/A,Standard,73,True,2300
546,Basic,finans,2025-09-11,1094,71,495,50,7,Deep Dive,96,False,3282
547,Free,saas,2025-05-18,1563,40,997,81,12,Deep Dive,86,True,4689
548,Pro,SaaS,2025-09-19,490,38,245,24,6,Deep Dive,98,False,1470
549,Startup,finans,2025-09-12,219,13,110,6,1,Deep Dive,80,True,657
550,Pro,finans,2025-11-01,1344,41,441,59,8,Standard,47,True,1344
551,Startup,finans,2026-02-09,1325,36,844,108,18,Deep Dive,97,True,3975
552,Startup,SaaS,2025-05-22,1323,61,723,32,6,Deep Dive,97,True,3969
553,Basic,Finans,2025-08-28,1749,137,1007,58,16,Standard,71,False,1749
554,Pro,SaaS,2025-07-29,1168,79,581,72,23,Deep Dive,98,False,3504
555,Basic,SaaS,2025-08-31,1749,84,598,65,15,Deep Dive,83,False,5247
556,Pro,finans,2025-04-19,408,24,212,14,2,Deep Dive,76,False,1224
557,Basic,finans,2025-07-18,1857,34,1047,49,8,Standard,42,True,1857
558,Free,Rekruttering,2025-09-02,739,21,242,16,2,Standard,63,False,739
559,Pro,SaaS,2025-12-27,12873,398,5931,306,90,Deep Dive,95,False,38619
560,Free,Rekruttering,2025-07-07,174,3,100,8,2,Standard,62,False,174
561,Free,SaaS,2025-10-04,704,9,218,18,5,Deep Dive,96,True,2112
562,Enterprise,saas,2025-07-06,1308,78,468,38,13,Deep Dive,88,False,3924
563,Basic,SaaS,2025-05-16,999,12,566,69,N/A,Standard,47,True,999
564,Pro,SaaS,2026-03-13,2458,33,1305,140,47,Deep Dive,78,True,7374
565,Basic,Rekruttering,2025-06-16,570,15,193,19,6,Deep Dive,75,True,1710
566,Startup,SaaS,2025-11-08,1902,96,847,65,N/A,Deep Dive,92,False,5706
567,,SaaS,2025-07-30,10032,469,5716,383,124,Deep Dive,91,False,30096
568,Basic,SaaS,2025-06-06,1518,83,932,90,12,Standard,70,False,1518
569,Pro,saas,2025-04-15,1477,39,536,28,4,Deep Dive,97,False,4431
570,Free,Rekruttering,2025-12-20,353,18,196,18,4,Deep Dive,97,False,1059
571,Free,Rekruttering,2025-09-08,1626,29,948,111,23,Standard,58,True,1626
572,,saas,2025-11-17,493,10,234,27,7,Standard,57,False,493
573,Basic,SaaS,2025-06-03,1224,17,718,52,6,Standard,64,False,1224
574,Free,Rekruttering,2025-09-29,1736,37,1111,150,17,Standard,57,False,1736
575,Basic,SaaS,2025-10-07,1030,32,414,34,6,Deep Dive,91,True,3090
576,Enterprise,Finans,2025-04-20,1777,131,943,139,29,Standard,48,True,1777
577,Enterprise,Finans,2025-10-27,946,17,368,20,2,Deep Dive,92,False,2838
578,Basic,SaaS,2025-12-17,1553,99,682,70,18,Deep Dive,91,True,4659
579,Pro,Finans,2025-05-13,2031,157,646,41,7,Deep Dive,79,True,6093
580,Basic,SaaS,2025-07-07,120,9,44,3,1,Standard,68,True,120
581,,SaaS,2025-09-10,2323,162,850,39,11,Deep Dive,94,False,6969
582,,SaaS,2026-01-13,1658,53,963,35,4,Standard,53,True,1658
583,Basic,Finans,2025-06-10,1136,42,665,74,10,Deep Dive,80,True,3408
584,Free,SaaS,2025-04-22,1231,93,670,67,N/A,Deep Dive,86,True,3693
585,Basic,saas,2025-10-06,510,19,314,40,13,Standard,45,False,510
586,Basic,finans,2025-09-13,1619,66,815,113,19,Standard,69,True,1619
587,Pro,Rekruttering,2025-03-29,1308,29,839,30,7,Deep Dive,75,False,3924
588,Basic,SaaS,2025-11-23,291,13,155,11,2,Standard,54,False,291
589,Startup,saas,2025-06-05,351,10,210,22,3,Deep Dive,90,False,1053
590,Free,SaaS,2025-06-11,2249,92,1167,61,17,Deep Dive,90,False,6747
591,Enterprise,Finans,2025-12-01,2394,45,1469,107,25,Deep Dive,92,False,7182
592,Basic,saas,2025-04-16,1554,123,596,34,8,Standard,51,False,1554
593,Free,Rekruttering,2026-01-02,182,8,117,17,4,Deep Dive,84,False,546
594,Startup,SaaS,2025-09-02,1721,110,690,88,N/A,Standard,61,True,1721
595,Startup,finans,2026-02-19,2168,75,1028,77,10,Standard,83,False,2168
596,Startup,saas,2025-12-18,1928,72,1147,165,40,Deep Dive,80,False,5784
597,Pro,SaaS,2025-10-16,451,13,183,11,2,Standard,44,True,451
598,Enterprise,SaaS,2025-03-30,2088,131,644,94,23,Standard,40,True,2088
599,Startup,saas,2025-08-07,1435,98,757,111,16,Standard,54,False,1435
600,Enterprise,Finans,2025-04-17,1050,17,639,30,6,Standard,62,True,1050
601,Enterprise,SaaS,2025-05-25,1857,43,650,34,11,Standard,74,False,1857
602,Free,finans,2025-05-08,1751,85,568,30,6,Standard,48,True,1751
603,Enterprise,saas,2025-09-25,1427,77,910,55,13,Deep Dive,81,False,4281
604,Pro,Finans,2025-11-17,2486,93,1016,137,42,Standard,76,True,2486
605,Startup,Rekruttering,2025-09-10,554,41,262,18,2,Standard,62,False,554
606,Free,Rekruttering,2025-08-06,1172,80,622,27,5,Standard,68,True,1172
607,,SaaS,2025-10-10,1457,56,525,41,5,Standard,41,False,1457
608,,finans,2025-07-17,926,24,376,31,8,Deep Dive,85,False,2778
609,Startup,Finans,2025-07-20,1604,56,832,97,12,Standard,45,True,1604
610,Basic,finans,2025-08-04,2269,45,988,98,23,Deep Dive,87,False,6807
611,Basic,Finans,2025-09-19,1002,74,504,66,N/A,Deep Dive,79,False,3006
612,Enterprise,finans,2025-04-18,1749,139,700,83,27,Standard,41,False,1749
613,Basic,Finans,2025-09-04,834,35,433,59,13,Deep Dive,92,True,2502
614,Pro,Rekruttering,2025-08-19,1490,116,839,55,15,Standard,42,False,1490
615,Enterprise,SaaS,2026-03-06,300,22,192,18,6,Standard,80,True,300
616,Pro,Finans,2025-05-27,1453,29,488,51,12,Standard,84,False,1453
617,Free,Finans,2025-10-17,1438,24,501,58,7,Deep Dive,86,False,4314
618,Basic,saas,2025-09-04,2323,173,1389,92,19,Standard,66,False,2323
619,Basic,finans,2025-12-10,1202,34,608,71,7,Deep Dive,91,False,3606
620,Free,finans,2026-01-23,2047,143,950,90,13,Standard,49,False,2047
621,,SaaS,2025-09-30,1343,83,798,35,9,Deep Dive,97,False,4029
622,Free,SaaS,2025-03-21,1944,101,817,35,5,Deep Dive,79,True,5832
623,Basic,SaaS,2025-12-02,1664,60,819,69,15,Deep Dive,76,False,4992
624,Enterprise,Rekruttering,2025-05-31,682,24,421,55,11,Standard,66,False,682
625,Enterprise,SaaS,2025-09-26,1916,99,1245,139,32,Deep Dive,78,True,5748
626,Enterprise,saas,2025-04-25,709,45,396,55,19,Standard,68,True,709
627,Free,SaaS,2026-03-09,1148,49,529,55,16,Deep Dive,80,False,3444
628,Basic,finans,2025-05-07,459,16,187,27,5,Standard,64,True,459
629,Free,Finans,2025-04-04,525,42,293,9,1,Standard,83,True,525
630,Enterprise,Rekruttering,2025-03-28,553,37,295,17,4,Standard,52,True,553
631,Free,SaaS,2025-08-21,618,40,192,22,3,Deep Dive,90,False,1854
632,Startup,saas,2025-04-18,2139,37,1307,180,24,Standard,44,False,2139
633,Startup,Finans,2025-06-13,828,43,315,29,6,Deep Dive,92,False,2484
634,Startup,Rekruttering,2025-08-26,1839,80,1127,66,22,Deep Dive,79,True,5517
635,Startup,Finans,2025-09-07,401,26,152,7,1,Standard,77,True,401
636,Basic,saas,2025-08-15,2048,115,843,85,18,Standard,44,True,2048
637,Enterprise,Rekruttering,2026-01-31,14415,431,4516,493,137,Deep Dive,91,True,43245
638,Enterprise,saas,2026-01-09,2149,32,1224,141,20,Deep Dive,96,True,6447
639,Startup,finans,2025-06-21,764,8,316,19,6,Standard,57,True,764
640,Basic,SaaS,2025-07-20,1150,83,639,63,19,Deep Dive,88,True,3450
641,Free,saas,2025-10-05,714,26,292,33,4,Deep Dive,92,False,2142
642,Enterprise,finans,2025-09-04,419,31,189,28,N/A,Standard,44,False,419
643,Enterprise,SaaS,2025-08-06,1452,48,730,59,8,Deep Dive,97,True,4356
644,Free,SaaS,2025-11-12,735,33,272,17,3,Deep Dive,85,False,2205
645,,Finans,2025-05-02,2357,145,1389,170,38,Standard,42,True,2357
646,Basic,SaaS,2025-08-08,2175,28,739,99,23,Deep Dive,82,False,6525
647,Enterprise,saas,2026-02-02,2189,101,902,91,19,Deep Dive,95,False,6567
648,Startup,saas,2025-09-05,905,20,295,11,2,Standard,79,True,905
649,Pro,SaaS,2026-02-11,2312,81,1072,50,N/A,Deep Dive,78,True,6936
650,,SaaS,2025-09-29,2213,130,1243,114,32,Deep Dive,87,False,6639
651,Basic,SaaS,2025-12-20,851,23,332,23,7,Standard,58,False,851
652,Startup,saas,2025-06-05,1802,61,721,40,13,Deep Dive,88,False,5406
653,Pro,SaaS,2025-10-11,2222,114,1041,62,13,Deep Dive,81,False,6666
654,Basic,SaaS,2025-12-26,2037,129,1049,62,12,Standard,44,True,2037
655,Startup,saas,2026-02-27,2106,153,1264,147,30,Standard,82,True,2106
656,Pro,Finans,2025-11-05,678,16,310,20,4,Deep Dive,81,False,2034
657,Basic,saas,2025-12-27,747,33,294,42,8,Deep Dive,75,True,2241
658,Pro,SaaS,2026-02-22,1363,65,682,84,27,Deep Dive,75,False,4089
659,Basic,SaaS,2026-01-27,439,23,164,7,2,Deep Dive,84,False,1317
660,Enterprise,SaaS,2025-11-16,203,5,88,5,1,Standard,78,True,203
661,Startup,SaaS,2025-12-18,1840,100,799,29,8,Deep Dive,79,False,5520
662,Pro,SaaS,2025-04-01,862,66,401,49,10,Deep Dive,82,False,2586
663,Basic,SaaS,2025-10-13,2429,101,975,144,36,Standard,65,False,2429
664,Pro,finans,2025-08-25,2143,52,1022,95,32,Standard,73,True,2143
665,Enterprise,SaaS,2025-06-03,573,25,241,19,4,Deep Dive,96,False,1719
666,Free,Finans,2025-08-10,525,14,162,23,7,Deep Dive,87,False,1575
667,Startup,Finans,2026-01-11,2323,149,970,65,12,Deep Dive,87,True,6969
668,Enterprise,finans,2025-06-12,1132,54,452,33,3,Standard,49,False,1132
669,Pro,Finans,2025-10-08,1831,137,908,76,17,Deep Dive,90,True,5493
670,Pro,saas,2025-06-18,373,16,180,14,4,Standard,61,True,373
671,Enterprise,saas,2025-03-20,1088,15,424,48,6,Standard,54,False,1088
672,Enterprise,SaaS,2026-01-27,1842,27,750,104,16,Deep Dive,88,False,5526
673,Free,finans,2025-06-18,2089,75,852,52,9,Standard,45,True,2089
674,Pro,Finans,2025-06-29,861,59,397,40,9,Deep Dive,87,True,2583
675,Enterprise,Finans,2025-07-24,189,4,80,11,2,Standard,49,False,189
676,Free,SaaS,2025-08-03,1962,38,966,112,23,Deep Dive,93,False,5886
677,Pro,Rekruttering,2025-10-30,425,7,243,17,4,Deep Dive,77,True,1275
678,Startup,Rekruttering,2025-05-12,1324,91,815,72,23,Standard,60,False,1324
679,Free,Rekruttering,2026-01-25,1538,89,554,76,14,Deep Dive,83,True,4614
680,Basic,SaaS,2025-08-15,483,35,249,11,2,Deep Dive,97,False,1449
681,Startup,saas,2026-01-31,152,7,55,5,1,Deep Dive,89,False,456
682,Enterprise,Rekruttering,2025-09-04,2176,39,951,73,11,Deep Dive,92,True,6528
683,,SaaS,2025-06-23,253,3,104,5,1,Standard,47,False,253
684,Pro,Finans,2025-04-06,1473,16,630,93,13,Deep Dive,93,True,4419
685,Free,saas,2025-04-05,1222,41,635,64,17,Deep Dive,86,False,3666
686,Pro,saas,2025-06-20,505,9,290,17,N/A,Deep Dive,94,True,1515
687,Free,saas,2025-12-16,1576,29,950,66,22,Standard,57,False,1576
688,Enterprise,saas,2025-10-06,2234,86,1391,193,53,Standard,67,True,2234
689,Pro,Finans,2025-12-12,2148,64,712,41,6,Standard,65,True,2148
690,Enterprise,Finans,2025-12-10,1925,144,698,49,9,Deep Dive,76,False,5775
691,Startup,Rekruttering,2025-04-19,1663,25,787,114,26,Standard,57,True,1663
692,Basic,finans,2026-01-19,973,61,629,35,10,Standard,82,False,973
693,Free,finans,2025-12-25,1661,23,784,49,7,Deep Dive,83,True,4983
694,,Finans,2025-08-16,1477,85,929,85,27,Standard,52,True,1477
695,Startup,SaaS,2025-03-20,1794,141,639,45,10,Standard,84,True,1794
696,Basic,saas,2025-05-07,1728,94,995,82,16,Deep Dive,80,True,5184
697,Basic,finans,2025-12-21,1162,16,599,37,N/A,Standard,76,False,1162
698,Pro,SaaS,2025-07-09,908,63,344,32,10,Standard,63,True,908
699,Pro,finans,2025-04-16,728,43,276,41,5,Deep Dive,80,False,2184
700,Enterprise,saas,2025-12-06,1929,137,591,26,7,Deep Dive,95,True,5787
701,Enterprise,SaaS,2025-08-07,2328,136,777,57,9,Deep Dive,77,False,6984
702,Pro,saas,2026-01-17,151,9,83,5,1,Standard,57,False,151
703,Pro,Finans,2025-07-18,853,22,257,18,3,Standard,72,True,853
704,,finans,2025-07-21,1973,117,737,31,N/A,Deep Dive,86,True,5919
705,Basic,Finans,2025-09-10,2497,183,1295,136,21,Deep Dive,87,True,7491
706,Basic,finans,2025-10-17,149,10,90,8,2,Standard,77,True,149
707,Startup,SaaS,2025-09-13,2136,78,766,59,15,Deep Dive,81,False,6408
708,Startup,Rekruttering,2025-05-28,574,8,318,19,3,Deep Dive,93,True,1722
709,Enterprise,saas,2025-12-27,1274,32,687,97,18,Deep Dive,83,False,3822
710,Enterprise,SaaS,2025-06-26,1435,25,625,52,7,Standard,70,False,1435
711,Basic,Finans,2025-11-03,1266,51,437,18,5,Deep Dive,86,True,3798
712,Free,Rekruttering,2025-10-05,115,5,64,9,3,Deep Dive,78,False,345
713,Free,Finans,2025-04-11,949,71,538,21,3,Deep Dive,78,False,2847
714,Free,SaaS,2025-11-25,1557,116,505,75,10,Deep Dive,95,False,4671
715,Startup,SaaS,2025-11-22,941,73,575,77,17,Deep Dive,80,False,2823
716,Basic,finans,2026-01-28,10144,616,6427,826,184,Deep Dive,79,True,30432
717,,saas,2025-10-13,2048,111,1277,130,16,Deep Dive,96,False,6144
718,Startup,finans,2025-04-11,1191,30,637,31,7,Standard,72,True,1191
719,Pro,saas,2025-10-20,1996,45,1034,99,24,Deep Dive,83,False,5988
720,Pro,saas,2025-06-07,1547,26,832,84,26,Standard,40,True,1547
721,Free,Rekruttering,2025-11-02,1541,87,793,97,16,Deep Dive,89,True,4623
722,Basic,Rekruttering,2025-05-30,1430,77,645,62,8,Deep Dive,93,True,4290
723,Startup,finans,2026-02-06,1533,69,500,46,16,Deep Dive,94,False,4599
724,Enterprise,SaaS,2025-06-11,789,11,334,25,9,Deep Dive,88,False,2367
725,Basic,SaaS,2025-08-03,1948,121,853,126,16,Deep Dive,84,True,5844
726,Enterprise,Finans,2025-07-19,242,16,127,7,2,Deep Dive,98,True,726
727,Free,Rekruttering,2025-07-02,2253,26,940,104,N/A,Standard,61,True,2253
728,Pro,SaaS,2025-09-18,2055,56,685,78,25,Standard,51,False,2055
729,Startup,Finans,2025-05-05,800,26,393,23,4,Standard,42,True,800
730,Free,SaaS,2026-02-03,1814,27,1052,89,N/A,Deep Dive,83,True,5442
731,Startup,finans,2025-04-16,1549,35,738,91,27,Standard,46,False,1549
732,Basic,saas,2025-07-01,1241,62,615,91,12,Standard,41,False,1241
733,Enterprise,Rekruttering,2025-08-29,2047,132,1148,147,27,Standard,71,True,2047
734,Enterprise,Rekruttering,2026-01-05,1833,70,1118,102,16,Deep Dive,80,True,5499
735,Enterprise,finans,2025-12-29,1715,43,1020,45,N/A,Deep Dive,86,True,5145
736,Pro,SaaS,2025-08-04,839,20,368,40,12,Standard,77,True,839
737,Free,SaaS,2025-10-24,1796,118,982,123,29,Standard,48,False,1796
738,Startup,Finans,2025-08-30,1879,144,1140,101,32,Standard,62,False,1879
739,Startup,SaaS,2025-09-22,633,34,315,22,4,Standard,48,False,633
740,Startup,SaaS,2025-09-19,329,16,120,17,5,Deep Dive,77,True,987
741,Enterprise,Finans,2025-05-03,1689,101,716,73,14,Standard,54,False,1689
742,Free,SaaS,2025-08-14,1314,89,407,47,16,Deep Dive,91,False,3942
743,Pro,SaaS,2025-12-19,1903,40,1205,86,20,Standard,52,True,1903
744,Pro,Finans,2025-12-10,1225,72,695,83,23,Deep Dive,97,True,3675
745,Free,SaaS,2025-08-17,2389,147,993,100,12,Standard,40,False,2389
746,Enterprise,SaaS,2025-05-13,12195,788,7040,231,47,Deep Dive,96,False,36585
747,Startup,finans,2026-02-07,1969,143,1078,49,12,Deep Dive,94,True,5907
748,Startup,Rekruttering,2025-04-09,837,50,402,47,8,Standard,73,True,837
749,Free,Finans,2025-05-31,2298,44,1348,85,26,Standard,76,False,2298
750,Startup,SaaS,2025-06-01,411,16,240,29,9,Standard,48,False,411
751,,SaaS,2025-05-22,1851,74,1146,155,43,Standard,64,False,1851
752,Enterprise,finans,2025-08-28,1766,135,695,22,3,Standard,63,False,1766
753,Enterprise,SaaS,2025-04-16,2067,145,1210,149,15,Deep Dive,93,False,6201
754,Startup,finans,2025-11-07,307,22,106,11,1,Deep Dive,93,False,921
755,Startup,Finans,2025-10-06,1844,103,749,37,6,Standard,47,False,1844
756,Free,SaaS,2025-09-20,1155,75,552,25,8,Deep Dive,87,True,3465
757,Startup,saas,2025-05-30,1357,108,510,17,5,Standard,55,True,1357
758,,finans,2025-12-26,835,12,411,22,5,Deep Dive,82,True,2505
759,Free,saas,2025-08-25,2105,43,1319,95,12,Deep Dive,94,False,6315
760,Basic,SaaS,2025-06-08,2028,137,906,131,37,Standard,69,False,2028
761,Pro,SaaS,2025-12-12,987,60,449,23,6,Deep Dive,81,True,2961
762,Free,SaaS,2025-08-31,2137,129,848,41,9,Deep Dive,96,True,6411
763,Pro,finans,2025-11-09,563,40,241,14,4,Deep Dive,86,False,1689
764,,SaaS,2026-02-16,1334,59,853,57,11,Deep Dive,82,False,4002
765,Enterprise,finans,2025-04-05,1473,112,621,33,6,Standard,82,False,1473
766,Enterprise,Rekruttering,2025-12-09,2186,161,1085,157,22,Deep Dive,81,True,6558
767,Startup,SaaS,2026-01-25,638,36,340,40,5,Deep Dive,84,True,1914
768,Basic,Finans,2026-01-12,430,7,220,30,10,Standard,80,True,430
769,Startup,SaaS,2025-07-18,2263,31,1150,137,19,Standard,64,True,2263
770,Basic,SaaS,2025-11-20,223,12,80,11,3,Standard,75,False,223
771,,SaaS,2026-01-18,2398,49,1506,144,36,Standard,73,True,2398
772,Free,Rekruttering,2026-01-31,1042,68,594,53,14,Deep Dive,90,False,3126
773,Enterprise,saas,2025-10-11,2059,101,939,70,18,Standard,77,False,2059
774,Pro,Rekruttering,2025-07-11,2266,81,1215,152,30,Standard,53,False,2266
775,,SaaS,2026-03-02,1586,109,713,24,8,Standard,57,False,1586
776,Free,SaaS,2025-04-17,1541,96,967,143,36,Standard,54,True,1541
777,Pro,saas,2025-03-19,579,31,295,25,4,Deep Dive,86,False,1737
778,,SaaS,2025-08-13,112,5,55,4,1,Standard,63,False,112
779,Basic,finans,2025-04-13,732,12,228,26,3,Deep Dive,85,False,2196
780,Startup,SaaS,2025-06-13,1241,44,790,114,32,Deep Dive,92,False,3723
781,Enterprise,finans,2025-08-15,286,8,143,16,3,Standard,51,False,286
782,Free,saas,2025-04-19,1899,70,1009,91,30,Standard,56,False,1899
783,Basic,Finans,2025-07-24,2301,66,714,105,24,Standard,58,False,2301
784,Basic,SaaS,2025-09-22,11753,728,7102,681,198,Deep Dive,76,False,35259
785,Basic,saas,2025-07-19,2028,156,821,113,35,Deep Dive,77,True,6084
786,Startup,finans,2026-01-21,467,33,203,23,7,Standard,45,False,467
787,Startup,Rekruttering,2026-02-27,1415,29,569,43,13,Standard,56,True,1415
788,Enterprise,saas,2025-04-15,1603,108,750,61,16,Standard,79,True,1603
789,Startup,finans,2025-07-29,2019,55,1278,175,51,Deep Dive,83,False,6057
790,Free,SaaS,2025-09-30,758,29,441,26,3,Standard,78,True,758
791,Pro,Rekruttering,2026-02-24,167,5,69,8,3,Standard,48,True,167
792,Enterprise,SaaS,2025-09-29,2149,119,1154,136,37,Standard,60,False,2149
793,Startup,SaaS,2025-04-16,2070,38,727,45,9,Standard,68,True,2070
794,Startup,Finans,2025-07-14,1605,119,1010,111,31,Deep Dive,80,False,4815
795,Startup,Rekruttering,2025-10-23,1374,80,863,37,6,Deep Dive,84,False,4122
796,Basic,Finans,2025-10-10,2157,113,1395,68,22,Deep Dive,75,True,6471
797,Basic,finans,2025-04-15,1856,94,848,91,15,Standard,49,True,1856
798,Basic,Rekruttering,2025-12-14,10708,260,3777,117,36,Deep Dive,84,True,32124
799,Basic,SaaS,2026-03-14,1745,139,1084,33,7,Standard,47,False,1745
800,Startup,saas,2026-02-12,2270,92,1210,150,30,Standard,76,False,2270
801,Free,finans,2026-02-10,1443,63,891,130,24,Deep Dive,83,True,4329
802,Startup,Finans,2025-06-21,2438,52,757,65,12,Standard,43,True,2438
803,Pro,saas,2025-07-23,2169,159,1225,138,21,Standard,50,False,2169
804,Enterprise,SaaS,2025-04-09,1473,62,522,62,9,Standard,49,False,1473
805,Enterprise,SaaS,2026-01-12,353,12,181,22,N/A,Standard,69,True,353
806,Enterprise,Finans,2025-05-29,794,58,492,57,11,Deep Dive,81,False,2382
807,Pro,saas,2025-05-24,2372,147,896,133,16,Deep Dive,81,False,7116
808,Enterprise,Finans,2025-11-08,1829,135,996,113,16,Deep Dive,83,False,5487
809,Startup,SaaS,2025-04-21,1606,17,638,76,22,Deep Dive,80,False,4818
810,Free,Rekruttering,2025-07-28,1268,100,483,36,4,Deep Dive,98,False,3804
811,Pro,Finans,2025-04-13,2226,25,1015,133,41,Standard,80,True,2226
812,Enterprise,Rekruttering,2026-02-23,727,53,424,43,13,Standard,61,False,727
813,Free,Rekruttering,2025-03-26,1056,82,514,53,9,Standard,71,False,1056
814,Enterprise,Finans,2025-06-21,446,7,260,10,2,Deep Dive,96,True,1338
815,Basic,Rekruttering,2025-09-02,306,24,127,12,4,Deep Dive,75,False,918
816,Basic,Rekruttering,2025-08-02,1136,46,558,19,6,Deep Dive,77,True,3408
817,Enterprise,SaaS,2026-01-05,671,16,300,22,6,Standard,48,True,671
818,Basic,finans,2025-06-04,788,10,350,21,N/A,Deep Dive,98,True,2364
819,Basic,SaaS,2025-10-13,346,25,181,21,3,Deep Dive,96,False,1038
820,Enterprise,Rekruttering,2025-07-28,500,24,234,18,3,Deep Dive,85,True,1500
821,Basic,SaaS,2025-11-30,2402,82,1193,131,N/A,Standard,73,False,2402
822,Pro,SaaS,2025-05-06,1152,78,468,28,8,Standard,44,False,1152
823,Startup,finans,2025-09-14,1060,64,561,50,6,Deep Dive,91,True,3180
824,Startup,Rekruttering,2025-03-23,238,13,109,11,2,Deep Dive,83,False,714
825,Basic,Rekruttering,2026-03-05,485,10,260,26,3,Standard,57,False,485
826,Pro,Finans,2025-04-20,1763,48,643,78,16,Deep Dive,95,False,5289
827,Startup,Finans,2025-10-07,1295,90,515,67,11,Standard,54,True,1295
828,Basic,SaaS,2025-12-01,210,14,67,4,1,Deep Dive,80,True,630
829,,Rekruttering,2025-05-04,996,59,547,33,9,Standard,61,False,996
830,Startup,Rekruttering,2025-12-16,2172,125,902,46,6,Standard,75,False,2172
831,Enterprise,Rekruttering,2025-04-23,1080,77,432,61,20,Standard,45,True,1080
832,Enterprise,SaaS,2025-06-06,133,8,50,6,2,Standard,50,True,133
833,Free,finans,2026-02-03,2486,109,907,134,44,Deep Dive,92,False,7458
834,Enterprise,Finans,2025-07-06,1508,33,807,53,9,Standard,52,True,1508
835,Startup,SaaS,2025-11-17,2431,106,1098,151,16,Standard,65,False,2431
836,Basic,SaaS,2026-02-01,1794,77,609,88,29,Deep Dive,88,True,5382
837,Free,Rekruttering,2025-07-11,674,31,404,15,2,Deep Dive,97,False,2022
838,Enterprise,Finans,2026-01-29,1403,87,905,116,20,Deep Dive,95,True,4209
839,Startup,saas,2025-07-22,539,9,268,26,9,Deep Dive,91,True,1617
840,Enterprise,SaaS,2026-03-09,1234,86,452,46,N/A,Deep Dive,94,False,3702
841,Pro,SaaS,2025-12-09,274,13,133,5,1,Standard,46,False,274
842,Enterprise,Rekruttering,2025-06-20,1341,17,781,100,13,Deep Dive,77,True,4023
843,Basic,saas,2025-08-21,1253,78,495,52,5,Deep Dive,90,True,3759
844,Startup,Finans,2025-04-07,1398,44,654,32,10,Standard,82,True,1398
845,Free,Finans,2025-11-15,2316,101,818,36,9,Deep Dive,97,False,6948
846,Free,Rekruttering,2026-02-02,1089,38,622,70,16,Deep Dive,90,True,3267
847,Free,SaaS,2025-05-19,1385,66,884,119,42,Standard,60,False,1385
848,Enterprise,saas,2025-12-07,927,22,602,77,21,Deep Dive,81,False,2781
849,Free,saas,2025-09-15,1279,73,740,96,30,Deep Dive,84,True,3837
850,Free,SaaS,2025-07-23,505,29,323,43,15,Deep Dive,81,False,1515
851,Enterprise,Finans,2025-05-02,1464,28,844,65,15,Standard,66,False,1464
852,Startup,Rekruttering,2025-06-03,1000,37,519,52,14,Standard,65,False,1000
853,Pro,SaaS,2025-03-22,2083,46,973,65,7,Standard,52,False,2083
854,Enterprise,saas,2025-08-07,2086,155,912,100,17,Deep Dive,78,True,6258
855,Basic,Finans,2025-03-16,516,28,281,23,4,Deep Dive,95,True,1548
856,Enterprise,Finans,2025-11-03,882,67,518,40,5,Deep Dive,83,False,2646
857,Pro,SaaS,2025-05-05,1330,88,571,19,4,Deep Dive,81,True,3990
858,,Finans,2025-10-13,214,15,123,10,2,Deep Dive,96,True,642
859,Startup,finans,2025-12-25,2496,41,1279,125,42,Deep Dive,75,True,7488
860,Pro,SaaS,2026-02-18,2246,67,779,92,19,Standard,59,False,2246
861,Basic,saas,2025-11-08,347,14,155,18,2,Deep Dive,98,False,1041
862,Pro,SaaS,2025-11-23,1217,16,654,21,6,Deep Dive,76,False,3651
863,Free,Finans,2025-10-17,722,56,415,17,3,Deep Dive,88,True,2166
864,Startup,Finans,2026-02-14,536,17,210,8,2,Standard,71,False,536
865,Free,saas,2025-05-08,2013,149,1154,155,26,Standard,82,True,2013
866,Free,Rekruttering,2025-04-14,804,24,262,16,5,Standard,81,True,804
867,,Finans,2026-01-25,13536,387,5911,299,88,Standard,46,True,13536
868,Pro,SaaS,2025-09-02,1005,13,550,71,16,Deep Dive,94,False,3015
869,Pro,saas,2025-08-14,818,33,473,60,15,Deep Dive,78,False,2454
870,Pro,Rekruttering,2026-03-08,1845,42,1136,155,40,Deep Dive,78,True,5535
871,Startup,Finans,2025-09-01,2101,75,1217,138,20,Deep Dive,75,False,6303
872,Startup,saas,2025-06-14,840,54,466,34,9,Deep Dive,93,False,2520
873,Pro,SaaS,2025-09-07,179,10,58,5,1,Standard,78,True,179
874,Pro,saas,2025-10-18,158,5,90,3,1,Deep Dive,77,True,474
875,,saas,2025-06-25,1955,109,924,39,11,Standard,58,False,1955
876,Basic,Finans,2025-12-21,2116,91,1066,34,11,Standard,85,False,2116
877,Startup,Rekruttering,2025-07-06,1405,73,594,46,15,Deep Dive,92,True,4215
878,Pro,Rekruttering,2025-09-28,1145,76,455,62,9,Standard,42,False,1145
879,Free,Finans,2025-06-25,135,2,64,6,2,Standard,40,False,135
880,Pro,SaaS,2026-01-16,765,44,312,31,10,Deep Dive,98,False,2295
881,Pro,Rekruttering,2026-02-04,1384,83,524,43,12,Standard,47,False,1384
882,Enterprise,saas,2025-08-10,1361,36,741,32,N/A,Standard,53,True,1361
883,Enterprise,Rekruttering,2025-06-17,414,30,243,27,4,Deep Dive,87,False,1242
884,Startup,finans,2025-07-07,653,25,412,14,3,Deep Dive,97,True,1959
885,Basic,SaaS,2025-10-18,325,22,98,7,2,Deep Dive,80,True,975
886,Startup,SaaS,2025-04-18,2021,58,1003,147,N/A,Standard,50,True,2021
887,Enterprise,finans,2025-05-05,1528,75,714,55,8,Deep Dive,84,False,4584
888,Startup,saas,2025-07-18,1676,98,729,74,17,Deep Dive,95,False,5028
889,Enterprise,SaaS,2025-04-11,477,30,285,33,5,Standard,63,True,477
890,Startup,SaaS,2025-04-07,743,27,455,38,9,Deep Dive,90,False,2229
891,Free,finans,2025-11-10,612,35,222,21,7,Deep Dive,78,True,1836
892,Startup,Finans,2025-03-19,150,5,45,4,1,Deep Dive,98,True,450
893,Free,saas,2026-01-23,806,28,491,41,7,Standard,77,False,806
894,Basic,saas,2025-11-12,1558,36,609,26,9,Deep Dive,93,True,4674
895,,Finans,2025-04-05,1651,97,1063,33,11,Deep Dive,83,True,4953
896,Free,SaaS,2025-08-19,1048,19,318,17,4,Deep Dive,78,False,3144
897,Enterprise,Finans,2025-12-21,2464,176,872,50,7,Standard,54,False,2464
898,Startup,Rekruttering,2026-02-17,1862,93,629,30,5,Deep Dive,86,False,5586
899,Enterprise,saas,2026-02-25,591,32,255,33,8,Deep Dive,79,True,1773
900,Pro,Rekruttering,2025-10-10,441,31,226,13,2,Deep Dive,98,False,1323
901,Free,Finans,2025-05-12,1340,50,864,93,31,Standard,83,True,1340
902,Startup,saas,2025-11-06,359,20,203,18,5,Deep Dive,90,False,1077
903,Enterprise,Rekruttering,2025-09-14,1921,77,883,92,12,Deep Dive,76,False,5763
904,Basic,Finans,2025-09-23,1308,15,702,54,N/A,Deep Dive,80,True,3924
905,Free,saas,2025-06-19,133,10,72,9,3,Standard,57,True,133
906,,Finans,2025-08-17,110,3,68,9,3,Deep Dive,90,True,330
907,Enterprise,SaaS,2025-06-10,2148,120,773,78,11,Deep Dive,97,False,6444
908,Basic,finans,2025-05-24,2079,151,1078,46,16,Standard,54,True,2079
909,Startup,Rekruttering,2025-08-13,1175,43,536,28,9,Deep Dive,92,False,3525
910,Enterprise,finans,2025-08-21,699,28,374,28,N/A,Deep Dive,83,False,2097
911,Startup,Rekruttering,2025-10-11,1812,57,801,120,29,Standard,53,True,1812
912,Enterprise,Rekruttering,2025-03-18,1537,61,991,31,5,Standard,75,False,1537
913,Enterprise,saas,2025-08-24,1026,66,648,43,6,Deep Dive,87,True,3078
914,Pro,SaaS,2025-04-21,1554,82,842,78,15,Standard,41,False,1554
915,Startup,Finans,2026-01-25,1178,18,754,102,34,Standard,64,False,1178
916,Enterprise,SaaS,2025-03-17,1974,56,965,124,37,Standard,80,True,1974
917,Basic,saas,2025-06-13,10753,122,5355,421,121,Standard,72,False,10753
918,Basic,SaaS,2025-10-17,1388,69,846,123,34,Standard,63,True,1388
919,Startup,finans,2025-09-05,2363,166,1036,49,7,Standard,78,True,2363
920,Enterprise,finans,2026-03-14,881,44,333,46,5,Deep Dive,98,True,2643
921,Startup,Rekruttering,2025-07-22,1674,29,1006,37,11,Deep Dive,86,True,5022
922,Pro,saas,2025-04-15,1673,113,642,29,8,Standard,46,True,1673
923,Enterprise,saas,2025-11-26,1966,86,624,93,25,Deep Dive,80,False,5898
924,Pro,SaaS,2025-10-23,1956,73,873,72,10,Deep Dive,95,True,5868
925,Enterprise,SaaS,2025-03-27,1693,71,940,127,31,Deep Dive,77,False,5079
926,Startup,SaaS,2025-10-23,989,30,386,47,10,Deep Dive,87,False,2967
927,Pro,SaaS,2026-03-13,2279,115,1056,98,24,Deep Dive,76,True,6837
928,Enterprise,saas,2025-12-30,1977,113,701,30,6,Standard,78,False,1977
929,Startup,Finans,2026-02-07,992,50,460,39,8,Deep Dive,92,True,2976
930,Pro,finans,2026-01-18,1284,31,468,23,8,Standard,60,True,1284
931,Enterprise,SaaS,2025-11-27,120,5,46,5,1,Standard,71,False,120
932,,Finans,2025-06-20,1729,89,798,58,8,Standard,61,False,1729
933,Startup,SaaS,2025-08-01,1600,125,556,81,11,Standard,64,True,1600
934,Basic,saas,2025-10-07,1136,72,346,50,6,Standard,40,False,1136
935,Free,SaaS,2025-04-21,1074,75,467,61,9,Deep Dive,76,True,3222
936,Basic,finans,2025-07-16,1584,94,622,45,5,Standard,75,True,1584
937,Startup,SaaS,2025-07-14,1745,41,641,23,6,Deep Dive,98,False,5235
938,,Finans,2026-03-04,296,13,126,5,N/A,Standard,41,True,296
939,Pro,finans,2025-11-11,222,9,131,7,2,Standard,62,True,222
940,,finans,2025-10-29,2219,85,1064,50,10,Standard,44,False,2219
941,Basic,saas,2025-12-15,2065,55,1097,41,N/A,Standard,84,False,2065
942,Enterprise,finans,2026-01-15,857,27,461,25,N/A,Standard,72,True,857
943,,saas,2026-01-16,865,47,414,61,19,Standard,41,False,865
944,Enterprise,Rekruttering,2025-10-13,1506,20,783,75,26,Standard,65,False,1506
945,Free,saas,2025-04-30,1538,52,618,28,7,Deep Dive,82,True,4614
946,Pro,SaaS,2025-08-06,549,20,236,27,5,Deep Dive,80,True,1647
947,Startup,SaaS,2026-03-11,1360,86,690,77,21,Standard,61,False,1360
948,Enterprise,SaaS,2025-07-27,1860,83,1098,139,17,Standard,45,False,1860
949,Pro,SaaS,2025-05-17,460,29,280,25,8,Standard,74,True,460
950,Basic,SaaS,2025-05-28,597,33,235,32,7,Deep Dive,89,True,1791
951,Free,Finans,2026-03-11,277,10,113,7,2,Standard,42,True,277
952,Startup,Rekruttering,2026-02-23,1921,95,1040,68,14,Standard,69,False,1921
953,Basic,SaaS,2025-12-22,1707,93,864,100,13,Deep Dive,86,False,5121
954,Basic,finans,2025-11-02,982,11,361,12,3,Standard,54,True,982
955,Free,finans,2025-09-01,1200,73,410,51,12,Deep Dive,75,False,3600
956,Enterprise,Finans,2025-08-04,919,39,392,15,3,Deep Dive,92,False,2757
957,Enterprise,SaaS,2025-05-21,1439,99,836,70,22,Deep Dive,94,False,4317
958,Free,Rekruttering,2025-04-03,2097,127,1356,151,50,Standard,77,True,2097
959,Basic,Rekruttering,2025-10-13,1749,75,985,98,22,Standard,52,True,1749
960,Basic,Rekruttering,2025-11-15,848,57,413,47,15,Standard,47,True,848
961,Free,Rekruttering,2026-02-08,2130,46,667,52,12,Deep Dive,75,True,6390
962,Enterprise,SaaS,2025-10-26,1949,59,789,108,34,Standard,51,True,1949
963,Free,Finans,2025-03-16,2404,112,1276,106,11,Deep Dive,77,False,7212
964,Pro,Finans,2025-07-19,1455,93,776,67,22,Deep Dive,78,False,4365
965,Startup,Rekruttering,2025-04-23,185,2,69,6,2,Deep Dive,84,False,555
966,Enterprise,saas,2025-07-13,111,1,71,5,1,Standard,74,True,111
967,Free,Finans,2025-03-25,1127,56,420,27,9,Standard,44,False,1127
968,,SaaS,2026-01-20,238,5,75,7,1,Deep Dive,92,False,714
969,Basic,SaaS,2026-01-22,2228,127,1048,136,15,Deep Dive,91,False,6684
970,Enterprise,Rekruttering,2025-09-22,2472,116,1484,176,22,Standard,67,False,2472
971,,SaaS,2025-08-30,11275,793,5856,815,120,Deep Dive,78,True,33825
972,Free,finans,2025-10-21,300,3,139,17,3,Standard,42,True,300
973,Startup,SaaS,2025-10-23,1886,136,815,88,17,Deep Dive,90,False,5658
974,Basic,saas,2025-08-15,1138,17,522,69,16,Deep Dive,92,False,3414
975,Basic,SaaS,2025-04-18,1014,22,482,49,17,Standard,50,False,1014
976,Basic,Rekruttering,2025-12-26,2111,131,1031,107,15,Standard,45,True,2111
977,Pro,finans,2025-09-12,819,27,514,46,14,Standard,62,True,819
978,Enterprise,Finans,2025-11-30,540,10,166,12,3,Deep Dive,80,False,1620
979,Free,Finans,2026-03-09,616,10,344,36,10,Standard,73,True,616
980,Free,SaaS,2025-07-21,1030,30,426,15,4,Standard,45,False,1030
981,Startup,SaaS,2026-03-14,141,5,51,2,0,Standard,44,False,141
982,Startup,Finans,2025-12-10,585,26,182,6,1,Deep Dive,84,False,1755
983,,Finans,2025-08-05,1969,126,652,45,9,Deep Dive,94,True,5907
984,Startup,SaaS,2026-03-07,352,27,215,11,2,Deep Dive,93,True,1056
985,,saas,2025-06-06,1524,94,980,111,38,Deep Dive,83,False,4572
986,Basic,Finans,2026-02-24,1512,70,660,77,10,Deep Dive,91,True,4536
987,Enterprise,finans,2025-12-03,1018,69,485,44,12,Standard,66,True,1018
988,Pro,Finans,2025-05-01,2008,30,935,99,18,Deep Dive,80,False,6024
989,Free,SaaS,2025-08-10,542,13,181,23,6,Deep Dive,98,False,1626
990,Free,SaaS,2025-06-27,12396,927,4210,459,53,Deep Dive,96,False,37188
991,Startup,saas,2025-04-20,1411,98,692,27,3,Deep Dive,83,True,4233
992,Startup,saas,2025-10-22,1890,70,1152,53,7,Standard,66,True,1890
993,Startup,SaaS,2025-04-29,1274,37,720,97,N/A,Standard,54,True,1274
994,,finans,2025-08-20,796,40,441,24,7,Deep Dive,84,False,2388
995,Startup,finans,2025-11-05,1282,16,823,55,7,Standard,62,False,1282
996,Pro,SaaS,2025-11-07,2080,155,755,104,18,Standard,85,False,2080
997,Enterprise,finans,2026-03-11,1794,130,545,36,6,Deep Dive,82,False,5382
998,Basic,Finans,2026-01-16,1762,68,1012,45,6,Deep Dive,90,True,5286
999,Enterprise,Finans,2026-02-13,2123,80,1015,31,9,Deep Dive,77,True,6369
1000,Startup,SaaS,2026-02-13,241,16,124,6,1,Standard,78,True,241
